<annotation>
	<folder>14</folder>
	<filename>frame10416.jpg</filename>
	<path>F:\Annotations\Hamza3\14\frame10416.jpg</path>
	<source>
		<database>Unknown</database>
	</source>
	<size>
		<width>2688</width>
		<height>1520</height>
		<depth>3</depth>
	</size>
	<segmented>0</segmented>
	<object>
		<name>Player</name>
		<pose>Unspecified</pose>
		<truncated>0</truncated>
		<difficult>0</difficult>
		<bndbox>
			<xmin>1068</xmin>
			<ymin>181</ymin>
			<xmax>1233</xmax>
			<ymax>569</ymax>
		</bndbox>
	</object>
	<object>
		<name>Player</name>
		<pose>Unspecified</pose>
		<truncated>0</truncated>
		<difficult>0</difficult>
		<bndbox>
			<xmin>1671</xmin>
			<ymin>92</ymin>
			<xmax>1857</xmax>
			<ymax>451</ymax>
		</bndbox>
	</object>
	<object>
		<name>Green Release</name>
		<pose>Unspecified</pose>
		<truncated>0</truncated>
		<difficult>0</difficult>
		<bndbox>
			<xmin>1877</xmin>
			<ymin>931</ymin>
			<xmax>2071</xmax>
			<ymax>1107</ymax>
		</bndbox>
	</object>
	<object>
		<name>Player</name>
		<pose>Unspecified</pose>
		<truncated>0</truncated>
		<difficult>0</difficult>
		<bndbox>
			<xmin>1760</xmin>
			<ymin>904</ymin>
			<xmax>2142</xmax>
			<ymax>1231</ymax>
		</bndbox>
	</object>
</annotation>
