<annotation>
	<folder>14</folder>
	<filename>frame10406.jpg</filename>
	<path>F:\Annotations\Hamza3\14\frame10406.jpg</path>
	<source>
		<database>Unknown</database>
	</source>
	<size>
		<width>2688</width>
		<height>1520</height>
		<depth>3</depth>
	</size>
	<segmented>0</segmented>
	<object>
		<name>Player</name>
		<pose>Unspecified</pose>
		<truncated>0</truncated>
		<difficult>0</difficult>
		<bndbox>
			<xmin>1063</xmin>
			<ymin>184</ymin>
			<xmax>1236</xmax>
			<ymax>572</ymax>
		</bndbox>
	</object>
	<object>
		<name>Green Release</name>
		<pose>Unspecified</pose>
		<truncated>0</truncated>
		<difficult>0</difficult>
		<bndbox>
			<xmin>1895</xmin>
			<ymin>981</ymin>
			<xmax>2095</xmax>
			<ymax>1154</ymax>
		</bndbox>
	</object>
	<object>
		<name>Player</name>
		<pose>Unspecified</pose>
		<truncated>0</truncated>
		<difficult>0</difficult>
		<bndbox>
			<xmin>1780</xmin>
			<ymin>960</ymin>
			<xmax>2124</xmax>
			<ymax>1336</ymax>
		</bndbox>
	</object>
	<object>
		<name>Player</name>
		<pose>Unspecified</pose>
		<truncated>0</truncated>
		<difficult>0</difficult>
		<bndbox>
			<xmin>1677</xmin>
			<ymin>92</ymin>
			<xmax>1860</xmax>
			<ymax>451</ymax>
		</bndbox>
	</object>
</annotation>
