<annotation>
	<folder>14</folder>
	<filename>frame10671.jpg</filename>
	<path>F:\Annotations\Hamza3\14\frame10671.jpg</path>
	<source>
		<database>Unknown</database>
	</source>
	<size>
		<width>2688</width>
		<height>1520</height>
		<depth>3</depth>
	</size>
	<segmented>0</segmented>
	<object>
		<name>Player</name>
		<pose>Unspecified</pose>
		<truncated>0</truncated>
		<difficult>0</difficult>
		<bndbox>
			<xmin>1057</xmin>
			<ymin>184</ymin>
			<xmax>1218</xmax>
			<ymax>563</ymax>
		</bndbox>
	</object>
	<object>
		<name>Player</name>
		<pose>Unspecified</pose>
		<truncated>0</truncated>
		<difficult>0</difficult>
		<bndbox>
			<xmin>1639</xmin>
			<ymin>654</ymin>
			<xmax>1848</xmax>
			<ymax>1028</ymax>
		</bndbox>
	</object>
	<object>
		<name>Player</name>
		<pose>Unspecified</pose>
		<truncated>0</truncated>
		<difficult>0</difficult>
		<bndbox>
			<xmin>1733</xmin>
			<ymin>92</ymin>
			<xmax>1924</xmax>
			<ymax>481</ymax>
		</bndbox>
	</object>
	<object>
		<name>Blue Release</name>
		<pose>Unspecified</pose>
		<truncated>0</truncated>
		<difficult>0</difficult>
		<bndbox>
			<xmin>1807</xmin>
			<ymin>84</ymin>
			<xmax>1895</xmax>
			<ymax>289</ymax>
		</bndbox>
	</object>
</annotation>
