<annotation>
	<folder>14</folder>
	<filename>frame10666.jpg</filename>
	<path>F:\Annotations\Hamza3\14\frame10666.jpg</path>
	<source>
		<database>Unknown</database>
	</source>
	<size>
		<width>2688</width>
		<height>1520</height>
		<depth>3</depth>
	</size>
	<segmented>0</segmented>
	<object>
		<name>Player</name>
		<pose>Unspecified</pose>
		<truncated>0</truncated>
		<difficult>0</difficult>
		<bndbox>
			<xmin>1063</xmin>
			<ymin>184</ymin>
			<xmax>1227</xmax>
			<ymax>560</ymax>
		</bndbox>
	</object>
	<object>
		<name>Player</name>
		<pose>Unspecified</pose>
		<truncated>0</truncated>
		<difficult>0</difficult>
		<bndbox>
			<xmin>1633</xmin>
			<ymin>675</ymin>
			<xmax>1880</xmax>
			<ymax>1063</ymax>
		</bndbox>
	</object>
	<object>
		<name>Player</name>
		<pose>Unspecified</pose>
		<truncated>0</truncated>
		<difficult>0</difficult>
		<bndbox>
			<xmin>1730</xmin>
			<ymin>142</ymin>
			<xmax>1907</xmax>
			<ymax>481</ymax>
		</bndbox>
	</object>
	<object>
		<name>Blue Release</name>
		<pose>Unspecified</pose>
		<truncated>0</truncated>
		<difficult>0</difficult>
		<bndbox>
			<xmin>1786</xmin>
			<ymin>154</ymin>
			<xmax>1886</xmax>
			<ymax>292</ymax>
		</bndbox>
	</object>
</annotation>
