<annotation>
	<folder>14</folder>
	<filename>frame11851.jpg</filename>
	<path>F:\Annotations\Hamza3\14\frame11851.jpg</path>
	<source>
		<database>Unknown</database>
	</source>
	<size>
		<width>2688</width>
		<height>1520</height>
		<depth>3</depth>
	</size>
	<segmented>0</segmented>
	<object>
		<name>Player</name>
		<pose>Unspecified</pose>
		<truncated>1</truncated>
		<difficult>0</difficult>
		<bndbox>
			<xmin>730</xmin>
			<ymin>1251</ymin>
			<xmax>1027</xmax>
			<ymax>1520</ymax>
		</bndbox>
	</object>
	<object>
		<name>Player</name>
		<pose>Unspecified</pose>
		<truncated>0</truncated>
		<difficult>0</difficult>
		<bndbox>
			<xmin>1186</xmin>
			<ymin>89</ymin>
			<xmax>1336</xmax>
			<ymax>469</ymax>
		</bndbox>
	</object>
	<object>
		<name>Player</name>
		<pose>Unspecified</pose>
		<truncated>0</truncated>
		<difficult>0</difficult>
		<bndbox>
			<xmin>1763</xmin>
			<ymin>786</ymin>
			<xmax>2063</xmax>
			<ymax>1172</ymax>
		</bndbox>
	</object>
	<object>
		<name>Player</name>
		<pose>Unspecified</pose>
		<truncated>0</truncated>
		<difficult>0</difficult>
		<bndbox>
			<xmin>1642</xmin>
			<ymin>92</ymin>
			<xmax>1780</xmax>
			<ymax>475</ymax>
		</bndbox>
	</object>
</annotation>
