<annotation>
	<folder>14</folder>
	<filename>frame10816.jpg</filename>
	<path>F:\Annotations\Hamza3\14\frame10816.jpg</path>
	<source>
		<database>Unknown</database>
	</source>
	<size>
		<width>2688</width>
		<height>1520</height>
		<depth>3</depth>
	</size>
	<segmented>0</segmented>
	<object>
		<name>Player</name>
		<pose>Unspecified</pose>
		<truncated>0</truncated>
		<difficult>0</difficult>
		<bndbox>
			<xmin>795</xmin>
			<ymin>1231</ymin>
			<xmax>1095</xmax>
			<ymax>1513</ymax>
		</bndbox>
	</object>
	<object>
		<name>Player</name>
		<pose>Unspecified</pose>
		<truncated>0</truncated>
		<difficult>0</difficult>
		<bndbox>
			<xmin>1060</xmin>
			<ymin>184</ymin>
			<xmax>1230</xmax>
			<ymax>560</ymax>
		</bndbox>
	</object>
	<object>
		<name>Player</name>
		<pose>Unspecified</pose>
		<truncated>0</truncated>
		<difficult>0</difficult>
		<bndbox>
			<xmin>1771</xmin>
			<ymin>875</ymin>
			<xmax>2015</xmax>
			<ymax>1242</ymax>
		</bndbox>
	</object>
	<object>
		<name>Player</name>
		<pose>Unspecified</pose>
		<truncated>0</truncated>
		<difficult>0</difficult>
		<bndbox>
			<xmin>1721</xmin>
			<ymin>80</ymin>
			<xmax>1913</xmax>
			<ymax>489</ymax>
		</bndbox>
	</object>
	<object>
		<name>Blue Release</name>
		<pose>Unspecified</pose>
		<truncated>0</truncated>
		<difficult>0</difficult>
		<bndbox>
			<xmin>1801</xmin>
			<ymin>86</ymin>
			<xmax>1901</xmax>
			<ymax>269</ymax>
		</bndbox>
	</object>
</annotation>
