<annotation>
	<folder>14</folder>
	<filename>frame10581.jpg</filename>
	<path>F:\Annotations\Hamza3\14\frame10581.jpg</path>
	<source>
		<database>Unknown</database>
	</source>
	<size>
		<width>2688</width>
		<height>1520</height>
		<depth>3</depth>
	</size>
	<segmented>0</segmented>
	<object>
		<name>Player</name>
		<pose>Unspecified</pose>
		<truncated>0</truncated>
		<difficult>0</difficult>
		<bndbox>
			<xmin>1057</xmin>
			<ymin>178</ymin>
			<xmax>1236</xmax>
			<ymax>563</ymax>
		</bndbox>
	</object>
	<object>
		<name>Player</name>
		<pose>Unspecified</pose>
		<truncated>0</truncated>
		<difficult>0</difficult>
		<bndbox>
			<xmin>1674</xmin>
			<ymin>95</ymin>
			<xmax>1863</xmax>
			<ymax>445</ymax>
		</bndbox>
	</object>
	<object>
		<name>Player</name>
		<pose>Unspecified</pose>
		<truncated>0</truncated>
		<difficult>0</difficult>
		<bndbox>
			<xmin>1474</xmin>
			<ymin>972</ymin>
			<xmax>1736</xmax>
			<ymax>1336</ymax>
		</bndbox>
	</object>
</annotation>
