<annotation>
	<folder>14</folder>
	<filename>frame1106.jpg</filename>
	<path>F:\Annotations\Hamza3\14\frame1106.jpg</path>
	<source>
		<database>Unknown</database>
	</source>
	<size>
		<width>2688</width>
		<height>1520</height>
		<depth>3</depth>
	</size>
	<segmented>0</segmented>
	<object>
		<name>Player</name>
		<pose>Unspecified</pose>
		<truncated>0</truncated>
		<difficult>0</difficult>
		<bndbox>
			<xmin>577</xmin>
			<ymin>1119</ymin>
			<xmax>889</xmax>
			<ymax>1407</ymax>
		</bndbox>
	</object>
	<object>
		<name>Player</name>
		<pose>Unspecified</pose>
		<truncated>0</truncated>
		<difficult>0</difficult>
		<bndbox>
			<xmin>810</xmin>
			<ymin>428</ymin>
			<xmax>1057</xmax>
			<ymax>845</ymax>
		</bndbox>
	</object>
	<object>
		<name>Player</name>
		<pose>Unspecified</pose>
		<truncated>0</truncated>
		<difficult>0</difficult>
		<bndbox>
			<xmin>1692</xmin>
			<ymin>213</ymin>
			<xmax>1886</xmax>
			<ymax>598</ymax>
		</bndbox>
	</object>
	<object>
		<name>Player</name>
		<pose>Unspecified</pose>
		<truncated>0</truncated>
		<difficult>0</difficult>
		<bndbox>
			<xmin>1954</xmin>
			<ymin>1145</ymin>
			<xmax>2295</xmax>
			<ymax>1442</ymax>
		</bndbox>
	</object>
	<object>
		<name>Ball</name>
		<pose>Unspecified</pose>
		<truncated>0</truncated>
		<difficult>0</difficult>
		<bndbox>
			<xmin>501</xmin>
			<ymin>1189</ymin>
			<xmax>592</xmax>
			<ymax>1286</ymax>
		</bndbox>
	</object>
</annotation>
