<annotation>
	<folder>14</folder>
	<filename>frame10011.jpg</filename>
	<path>F:\Annotations\Hamza3\14\frame10011.jpg</path>
	<source>
		<database>Unknown</database>
	</source>
	<size>
		<width>2688</width>
		<height>1520</height>
		<depth>3</depth>
	</size>
	<segmented>0</segmented>
	<object>
		<name>Player</name>
		<pose>Unspecified</pose>
		<truncated>0</truncated>
		<difficult>0</difficult>
		<bndbox>
			<xmin>633</xmin>
			<ymin>736</ymin>
			<xmax>883</xmax>
			<ymax>1148</ymax>
		</bndbox>
	</object>
	<object>
		<name>Player</name>
		<pose>Unspecified</pose>
		<truncated>0</truncated>
		<difficult>0</difficult>
		<bndbox>
			<xmin>1068</xmin>
			<ymin>178</ymin>
			<xmax>1233</xmax>
			<ymax>554</ymax>
		</bndbox>
	</object>
	<object>
		<name>Player</name>
		<pose>Unspecified</pose>
		<truncated>0</truncated>
		<difficult>0</difficult>
		<bndbox>
			<xmin>1674</xmin>
			<ymin>95</ymin>
			<xmax>1865</xmax>
			<ymax>451</ymax>
		</bndbox>
	</object>
	<object>
		<name>Player</name>
		<pose>Unspecified</pose>
		<truncated>0</truncated>
		<difficult>0</difficult>
		<bndbox>
			<xmin>1780</xmin>
			<ymin>1019</ymin>
			<xmax>2104</xmax>
			<ymax>1360</ymax>
		</bndbox>
	</object>
	<object>
		<name>Ball</name>
		<pose>Unspecified</pose>
		<truncated>0</truncated>
		<difficult>0</difficult>
		<bndbox>
			<xmin>1160</xmin>
			<ymin>337</ymin>
			<xmax>1245</xmax>
			<ymax>431</ymax>
		</bndbox>
	</object>
</annotation>
