<annotation>
	<folder>14</folder>
	<filename>frame10356.jpg</filename>
	<path>F:\Annotations\Hamza3\14\frame10356.jpg</path>
	<source>
		<database>Unknown</database>
	</source>
	<size>
		<width>2688</width>
		<height>1520</height>
		<depth>3</depth>
	</size>
	<segmented>0</segmented>
	<object>
		<name>Player</name>
		<pose>Unspecified</pose>
		<truncated>0</truncated>
		<difficult>0</difficult>
		<bndbox>
			<xmin>786</xmin>
			<ymin>995</ymin>
			<xmax>1080</xmax>
			<ymax>1325</ymax>
		</bndbox>
	</object>
	<object>
		<name>Player</name>
		<pose>Unspecified</pose>
		<truncated>0</truncated>
		<difficult>0</difficult>
		<bndbox>
			<xmin>1874</xmin>
			<ymin>1116</ymin>
			<xmax>2292</xmax>
			<ymax>1425</ymax>
		</bndbox>
	</object>
	<object>
		<name>Player</name>
		<pose>Unspecified</pose>
		<truncated>0</truncated>
		<difficult>0</difficult>
		<bndbox>
			<xmin>1057</xmin>
			<ymin>186</ymin>
			<xmax>1233</xmax>
			<ymax>563</ymax>
		</bndbox>
	</object>
	<object>
		<name>Player</name>
		<pose>Unspecified</pose>
		<truncated>0</truncated>
		<difficult>0</difficult>
		<bndbox>
			<xmin>1677</xmin>
			<ymin>98</ymin>
			<xmax>1857</xmax>
			<ymax>451</ymax>
		</bndbox>
	</object>
</annotation>
