<annotation>
	<folder>14</folder>
	<filename>frame11161.jpg</filename>
	<path>F:\Annotations\Hamza3\14\frame11161.jpg</path>
	<source>
		<database>Unknown</database>
	</source>
	<size>
		<width>2688</width>
		<height>1520</height>
		<depth>3</depth>
	</size>
	<segmented>0</segmented>
	<object>
		<name>Player</name>
		<pose>Unspecified</pose>
		<truncated>0</truncated>
		<difficult>0</difficult>
		<bndbox>
			<xmin>586</xmin>
			<ymin>1004</ymin>
			<xmax>827</xmax>
			<ymax>1345</ymax>
		</bndbox>
	</object>
	<object>
		<name>Player</name>
		<pose>Unspecified</pose>
		<truncated>0</truncated>
		<difficult>0</difficult>
		<bndbox>
			<xmin>1054</xmin>
			<ymin>119</ymin>
			<xmax>1218</xmax>
			<ymax>501</ymax>
		</bndbox>
	</object>
	<object>
		<name>Player</name>
		<pose>Unspecified</pose>
		<truncated>0</truncated>
		<difficult>0</difficult>
		<bndbox>
			<xmin>1692</xmin>
			<ymin>122</ymin>
			<xmax>1860</xmax>
			<ymax>498</ymax>
		</bndbox>
	</object>
	<object>
		<name>Player</name>
		<pose>Unspecified</pose>
		<truncated>0</truncated>
		<difficult>0</difficult>
		<bndbox>
			<xmin>1948</xmin>
			<ymin>1166</ymin>
			<xmax>2327</xmax>
			<ymax>1419</ymax>
		</bndbox>
	</object>
	<object>
		<name>Ball</name>
		<pose>Unspecified</pose>
		<truncated>0</truncated>
		<difficult>0</difficult>
		<bndbox>
			<xmin>860</xmin>
			<ymin>1166</ymin>
			<xmax>957</xmax>
			<ymax>1275</ymax>
		</bndbox>
	</object>
</annotation>
