<annotation>
	<folder>14</folder>
	<filename>frame10676.jpg</filename>
	<path>F:\Annotations\Hamza3\14\frame10676.jpg</path>
	<source>
		<database>Unknown</database>
	</source>
	<size>
		<width>2688</width>
		<height>1520</height>
		<depth>3</depth>
	</size>
	<segmented>0</segmented>
	<object>
		<name>Player</name>
		<pose>Unspecified</pose>
		<truncated>0</truncated>
		<difficult>0</difficult>
		<bndbox>
			<xmin>1068</xmin>
			<ymin>184</ymin>
			<xmax>1230</xmax>
			<ymax>572</ymax>
		</bndbox>
	</object>
	<object>
		<name>Player</name>
		<pose>Unspecified</pose>
		<truncated>0</truncated>
		<difficult>0</difficult>
		<bndbox>
			<xmin>1715</xmin>
			<ymin>95</ymin>
			<xmax>1921</xmax>
			<ymax>519</ymax>
		</bndbox>
	</object>
	<object>
		<name>Player</name>
		<pose>Unspecified</pose>
		<truncated>0</truncated>
		<difficult>0</difficult>
		<bndbox>
			<xmin>1610</xmin>
			<ymin>625</ymin>
			<xmax>1815</xmax>
			<ymax>1022</ymax>
		</bndbox>
	</object>
</annotation>
