<annotation>
	<folder>14</folder>
	<filename>frame11561.jpg</filename>
	<path>F:\Annotations\Hamza3\14\frame11561.jpg</path>
	<source>
		<database>Unknown</database>
	</source>
	<size>
		<width>2688</width>
		<height>1520</height>
		<depth>3</depth>
	</size>
	<segmented>0</segmented>
	<object>
		<name>Player</name>
		<pose>Unspecified</pose>
		<truncated>0</truncated>
		<difficult>0</difficult>
		<bndbox>
			<xmin>530</xmin>
			<ymin>1057</ymin>
			<xmax>810</xmax>
			<ymax>1375</ymax>
		</bndbox>
	</object>
	<object>
		<name>Player</name>
		<pose>Unspecified</pose>
		<truncated>0</truncated>
		<difficult>0</difficult>
		<bndbox>
			<xmin>1136</xmin>
			<ymin>119</ymin>
			<xmax>1307</xmax>
			<ymax>498</ymax>
		</bndbox>
	</object>
	<object>
		<name>Player</name>
		<pose>Unspecified</pose>
		<truncated>0</truncated>
		<difficult>0</difficult>
		<bndbox>
			<xmin>1677</xmin>
			<ymin>101</ymin>
			<xmax>1857</xmax>
			<ymax>457</ymax>
		</bndbox>
	</object>
	<object>
		<name>Player</name>
		<pose>Unspecified</pose>
		<truncated>0</truncated>
		<difficult>0</difficult>
		<bndbox>
			<xmin>1551</xmin>
			<ymin>769</ymin>
			<xmax>1854</xmax>
			<ymax>1175</ymax>
		</bndbox>
	</object>
</annotation>
